Width,Curve Length,Depth
100,100,0
100,100.999589,6.142569
100,101.339451,7.118937
100,101.679315,7.980477
100,102.01918,8.761128
100,102.359046,9.480894
100,102.698913,10.152729
100,103.038781,10.785596
100,103.378651,11.385992
100,103.718521,11.958809
100,104.058392,12.507836
100,104.398265,13.03608
100,104.738138,13.54597
100,105.078013,14.039508
100,105.417888,14.518359
100,105.757765,14.983933
100,106.097642,15.437429
100,106.43752,15.879883
100,106.777399,16.312192
100,107.117279,16.735143
100,107.45716,17.149427
100,107.797042,17.555659
100,108.136925,17.954384
100,108.476809,18.346091
100,108.816693,18.731221
100,109.156578,19.11017
100,109.496464,19.4833
100,109.836351,19.850938
100,110.176239,20.213384
100,110.516127,20.570911
100,110.856017,20.923772
100,111.195907,21.272199
100,111.535798,21.616406
100,111.875689,21.956591
100,112.215581,22.292939
100,112.555474,22.625619
100,112.895368,22.954792
100,113.235262,23.280605
100,113.575157,23.603199
100,113.915053,23.922702
100,114.25495,24.239237
100,114.594847,24.552919
100,114.934745,24.863856
100,115.274643,25.172148
100,115.614542,25.477892
100,115.954442,25.781178
100,116.294342,26.082092
100,116.634243,26.380715
100,116.974145,26.677124
100,117.314047,26.971391
100,117.65395,27.263585
100,117.993853,27.553774
100,118.333757,27.842018
100,118.673662,28.128378
100,119.013567,28.41291
100,119.353473,28.695669
100,119.693379,28.976707
100,120.033286,29.256073
100,120.373193,29.533814
100,120.713101,29.809975
100,121.05301,30.084601
100,121.392919,30.357732
100,121.732828,30.629408
100,122.072738,30.899668
100,122.412649,31.168549
100,122.75256,31.436085
100,123.092471,31.70231
100,123.432383,31.967258
100,123.772296,32.230959
100,124.112209,32.493444
100,124.452122,32.754742
100,124.792036,33.014881
100,125.131951,33.273888
100,125.471866,33.531789
100,125.811781,33.788609
100,126.151697,34.044374
100,126.491613,34.299105
100,126.83153,34.552827
100,127.171447,34.80556
100,127.511364,35.057327
100,127.851282,35.308148
100,128.191201,35.558042
100,128.53112,35.80703
100,128.871039,36.055129
100,129.210959,36.302359
100,129.550879,36.548735
100,129.890799,36.794276
100,130.23072,37.038999
100,130.570641,37.282918
100,130.910563,37.52605
100,131.250485,37.768409
100,131.590408,38.010011
100,131.930331,38.25087
100,132.270254,38.490999
100,132.610177,38.730413
100,132.950101,38.969123
100,133.290026,39.207144
100,133.62995,39.444487
100,133.969876,39.681164
100,134.309801,39.917187
100,134.649727,40.152568
100,134.989653,40.387318
150,150,0
150.0,151.499383,9.213854
150.0,152.009177,10.678406
150.0,152.518973,11.970715
150.0,153.02877,13.141693
150.0,153.538569,14.22134
150.0,154.04837,15.229094
150.0,154.558172,16.178393
150.0,155.067976,17.078988
150.0,155.577782,17.938213
150.0,156.087589,18.761754
150.0,156.597397,19.554119
150.0,157.107208,20.318955
150.0,157.617019,21.059261
150.0,158.126832,21.777539
150.0,158.636647,22.475899
150.0,159.146463,23.156143
150.0,159.65628,23.819824
150.0,160.166099,24.468288
150.0,160.675919,25.102714
150.0,161.185741,25.724141
150.0,161.695563,26.333488
150.0,162.205388,26.931576
150.0,162.715213,27.519136
150.0,163.22504,28.096831
150.0,163.734867,28.665255
150.0,164.244697,29.22495
150.0,164.754527,29.776407
150.0,165.264358,30.320075
150.0,165.774191,30.856367
150.0,166.284025,31.385659
150.0,166.79386,31.908299
150.0,167.303696,32.424609
150.0,167.813534,32.934887
150.0,168.323372,33.439408
150.0,168.833211,33.938429
150.0,169.343052,34.432188
150.0,169.852894,34.920908
150.0,170.362736,35.404798
150.0,170.87258,35.884053
150.0,171.382425,36.358856
150.0,171.89227,36.829379
150.0,172.402117,37.295783
150.0,172.911965,37.758222
150.0,173.421813,38.216838
150.0,173.931663,38.671767
150.0,174.441514,39.123138
150.0,174.951365,39.571072
150.0,175.461217,40.015685
150.0,175.971071,40.457086
150.0,176.480925,40.895378
150.0,176.99078,41.33066
150.0,177.500636,41.763027
150.0,178.010493,42.192567
150.0,178.520351,42.619365
150.0,179.030209,43.043504
150.0,179.540069,43.465061
150.0,180.049929,43.884109
150.0,180.55979,44.300721
150.0,181.069652,44.714963
150.0,181.579515,45.126901
150.0,182.089378,45.536598
150.0,182.599242,45.944113
150.0,183.109107,46.349503
150.0,183.618973,46.752823
150.0,184.12884,47.154127
150.0,184.638707,47.553465
150.0,185.148575,47.950887
150.0,185.658444,48.346438
150.0,186.168313,48.740166
150.0,186.678184,49.132113
150.0,187.188054,49.522321
150.0,187.697926,49.910831
150.0,188.207798,50.297683
150.0,188.717671,50.682914
150.0,189.227545,51.06656
150.0,189.73742,51.448658
150.0,190.247295,51.82924
150.0,190.75717,52.20834
150.0,191.267047,52.585991
150.0,191.776924,52.962222
150.0,192.286801,53.337064
150.0,192.79668,53.710545
150.0,193.306558,54.082694
150.0,193.816438,54.453538
150.0,194.326318,54.823103
150.0,194.836199,55.191415
150.0,195.34608,55.558498
150.0,195.855962,55.924377
150.0,196.365845,56.289075
150.0,196.875728,56.652614
150.0,197.385612,57.015017
150.0,197.895496,57.376305
150.0,198.405381,57.736499
150.0,198.915266,58.095619
150.0,199.425152,58.453685
150.0,199.935039,58.810716
150.0,200.444926,59.16673
150.0,200.954813,59.521746
150.0,201.464702,59.875781
150.0,201.97459,60.228852
150.0,202.484479,60.580977
75,75,0
75.0,75.749692,4.606927
75.0,76.004589,5.339203
75.0,76.259486,5.985358
75.0,76.514385,6.570846
75.0,76.769285,7.11067
75.0,77.024185,7.614547
75.0,77.279086,8.089197
75.0,77.533988,8.539494
75.0,77.788891,8.969107
75.0,78.043794,9.380877
75.0,78.298699,9.77706
75.0,78.553604,10.159478
75.0,78.80851,10.529631
75.0,79.063416,10.888769
75.0,79.318323,11.237949
75.0,79.573231,11.578072
75.0,79.82814,11.909912
75.0,80.08305,12.234144
75.0,80.33796,12.551357
75.0,80.59287,12.862071
75.0,80.847782,13.166744
75.0,81.102694,13.465788
75.0,81.357606,13.759568
75.0,81.61252,14.048415
75.0,81.867434,14.332628
75.0,82.122348,14.612475
75.0,82.377263,14.888203
75.0,82.632179,15.160038
75.0,82.887096,15.428183
75.0,83.142013,15.692829
75.0,83.39693,15.954149
75.0,83.651848,16.212305
75.0,83.906767,16.467444
75.0,84.161686,16.719704
75.0,84.416606,16.969214
75.0,84.671526,17.216094
75.0,84.926447,17.460454
75.0,85.181368,17.702399
75.0,85.43629,17.942027
75.0,85.691212,18.179428
75.0,85.946135,18.414689
75.0,86.201059,18.647892
75.0,86.455982,18.879111
75.0,86.710907,19.108419
75.0,86.965831,19.335883
75.0,87.220757,19.561569
75.0,87.475683,19.785536
75.0,87.730609,20.007843
75.0,87.985535,20.228543
75.0,88.240462,20.447689
75.0,88.49539,20.66533
75.0,88.750318,20.881513
75.0,89.005246,21.096283
75.0,89.260175,21.309683
75.0,89.515105,21.521752
75.0,89.770034,21.73253
75.0,90.024964,21.942055
75.0,90.279895,22.15036
75.0,90.534826,22.357482
75.0,90.789757,22.563451
75.0,91.044689,22.768299
75.0,91.299621,22.972056
75.0,91.554554,23.174751
75.0,91.809487,23.376412
75.0,92.06442,23.577064
75.0,92.319353,23.776733
75.0,92.574288,23.975443
75.0,92.829222,24.173219
75.0,93.084157,24.370083
75.0,93.339092,24.566056
75.0,93.594027,24.761161
75.0,93.848963,24.955416
75.0,94.103899,25.148842
75.0,94.358836,25.341457
75.0,94.613773,25.53328
75.0,94.86871,25.724329
75.0,95.123647,25.91462
75.0,95.378585,26.10417
75.0,95.633523,26.292995
75.0,95.888462,26.481111
75.0,96.143401,26.668532
75.0,96.39834,26.855272
75.0,96.653279,27.041347
75.0,96.908219,27.226769
75.0,97.163159,27.411551
75.0,97.418099,27.595707
75.0,97.67304,27.779249
75.0,97.927981,27.962188
75.0,98.182922,28.144537
75.0,98.437864,28.326307
75.0,98.692806,28.507509
75.0,98.947748,28.688153
75.0,99.20269,28.86825
75.0,99.457633,29.04781
75.0,99.712576,29.226842
75.0,99.967519,29.405358
75.0,100.222463,29.583365
75.0,100.477407,29.760873
75.0,100.732351,29.93789
75.0,100.987295,30.114426
75.0,101.24224,30.290489
50,50,0
50,50.499794,3.071285
50,50.669726,3.559469
50,50.839658,3.990238
50,51.00959,4.380564
50,51.179523,4.740447
50,51.349457,5.076365
50,51.519391,5.392798
50,51.689325,5.692996
50,51.859261,5.979404
50,52.029196,6.253918
50,52.199132,6.51804
50,52.369069,6.772985
50,52.539006,7.019754
50,52.708944,7.25918
50,52.878882,7.491966
50,53.048821,7.718714
50,53.21876,7.939941
50,53.3887,8.156096
50,53.55864,8.367571
50,53.72858,8.574714
50,53.898521,8.777829
50,54.068463,8.977192
50,54.238404,9.173045
50,54.408347,9.36561
50,54.578289,9.555085
50,54.748232,9.74165
50,54.918176,9.925469
50,55.088119,10.106692
50,55.258064,10.285456
50,55.428008,10.461886
50,55.597953,10.6361
50,55.767899,10.808203
50,55.937845,10.978296
50,56.107791,11.146469
50,56.277737,11.31281
50,56.447684,11.477396
50,56.617631,11.640303
50,56.787579,11.801599
50,56.957527,11.961351
50,57.127475,12.119619
50,57.297423,12.27646
50,57.467372,12.431928
50,57.637322,12.586074
50,57.807271,12.738946
50,57.977221,12.890589
50,58.147171,13.041046
50,58.317122,13.190357
50,58.487072,13.338562
50,58.657024,13.485695
50,58.826975,13.631793
50,58.996927,13.776887
50,59.166879,13.921009
50,59.336831,14.064189
50,59.506784,14.206455
50,59.676736,14.347835
50,59.84669,14.488354
50,60.016643,14.628036
50,60.186597,14.766907
50,60.356551,14.904988
50,60.526505,15.0423
50,60.696459,15.178866
50,60.866414,15.314704
50,61.036369,15.449834
50,61.206324,15.584274
50,61.37628,15.718042
50,61.546236,15.851155
50,61.716192,15.983629
50,61.886148,16.115479
50,62.056104,16.246722
50,62.226061,16.377371
50,62.396018,16.50744
50,62.565975,16.636944
50,62.735933,16.765894
50,62.90589,16.894305
50,63.075848,17.022187
50,63.245807,17.149553
50,63.415765,17.276413
50,63.585723,17.40278
50,63.755682,17.528664
50,63.925641,17.654074
50,64.0956,17.779021
50,64.26556,17.903515
50,64.435519,18.027565
50,64.605479,18.151179
50,64.775439,18.274368
50,64.9454,18.397138
50,65.11536,18.519499
50,65.285321,18.641459
50,65.455282,18.763025
50,65.625243,18.884205
50,65.795204,19.005006
50,65.965165,19.125435
50,66.135127,19.2455
50,66.305089,19.365206
50,66.475051,19.484562
50,66.645013,19.603572
50,66.814975,19.722243
50,66.984938,19.840582
50,67.154901,19.958594
50,67.324863,20.076284
50,67.494826,20.193659
50,50.004998,0.306069
50,50.022486,0.649279
50,50.039973,0.865799
50,50.057461,1.038178
50,50.074949,1.185824
50,50.092437,1.317083
50,50.109924,1.436452
50,50.127412,1.546687
50,50.1449,1.649621
50,50.162388,1.746545
50,50.179875,1.83841
50,50.197363,1.925939
50,50.214851,2.0097
50,50.232339,2.090144
50,50.249827,2.167643
50,50.267314,2.242501
50,50.284802,2.314974
50,50.30229,2.385279
50,50.319778,2.453604
50,50.337266,2.520109
50,50.354754,2.584934
50,50.372241,2.648203
50,50.389729,2.710025
50,50.407217,2.770497
50,50.424705,2.829706
50,50.442193,2.887728
50,50.459681,2.944635
50,50.477169,3.000489
50,50.494657,3.055348
50,50.512144,3.109266
50,50.529632,3.16229
50,50.54712,3.214464
50,50.564608,3.265829
50,50.582096,3.316424
50,50.599584,3.366281
50,50.617072,3.415435
50,50.63456,3.463914
50,50.652048,3.511747
50,50.669536,3.558959
50,50.687024,3.605576
50,50.704512,3.651619
50,50.722,3.697111
50,50.739488,3.742072
50,50.756976,3.78652
50,50.774464,3.830472
50,50.791952,3.873947
50,50.80944,3.916961
50,50.826928,3.959527
50,50.844416,4.00166
50,50.861904,4.043374
50,50.879392,4.084682
50,50.89688,4.125596
50,50.914368,4.166127
50,50.931856,4.206287
50,50.949344,4.246085
50,50.966832,4.285533
50,50.98432,4.32464
50,51.001808,4.363415
50,51.019296,4.401866
50,51.036784,4.440002
50,51.054272,4.477832
50,51.07176,4.515362
50,51.089249,4.552601
50,51.106737,4.589555
50,51.124225,4.626231
50,51.141713,4.662636
50,51.159201,4.698775
50,51.176689,4.734656
50,51.194177,4.770284
50,51.211665,4.805665
50,51.229154,4.840803
50,51.246642,4.875705
50,51.26413,4.910375
50,51.281618,4.944818
50,51.299106,4.979039
50,51.316594,5.013042
50,51.334083,5.046832
50,51.351571,5.080413
50,51.369059,5.11379
50,51.386547,5.146965
50,51.404035,5.179944
50,51.421524,5.212729
50,51.439012,5.245325
50,51.4565,5.277734
50,51.473988,5.309961
50,51.491476,5.342008
50,51.508965,5.37388
50,51.526453,5.405578
50,51.543941,5.437106
50,51.561429,5.468467
50,51.578918,5.499664
50,51.596406,5.530699
50,51.613894,5.561575
50,51.631383,5.592296
50,51.648871,5.622863
50,51.666359,5.653278
50,51.683847,5.683545
50,51.701336,5.713666
50,51.718824,5.743643
50,51.736312,5.773478
50,51.753801,5.803173
50,51.771289,5.832731
50,51.788777,5.862154
50,51.806266,5.891443
50,51.823754,5.920601
50,51.841242,5.94963
50,51.858731,5.978531
50,51.876219,6.007306
50,51.893707,6.035958
50,51.911196,6.064487
50,51.928684,6.092896
50,51.946173,6.121186
50,51.963661,6.149359
50,51.981149,6.177416
50,51.998638,6.20536
50,52.016126,6.233191
50,52.033615,6.260911
50,52.051103,6.288522
50,52.068591,6.316025
50,52.08608,6.343421
50,52.103568,6.370712
50,52.121057,6.397899
50,52.138545,6.424983
50,52.156034,6.451966
50,52.173522,6.478849
50,52.19101,6.505634
50,52.208499,6.532321
50,52.225987,6.558911
50,52.243476,6.585407
50,52.260964,6.611808
50,52.278453,6.638116
50,52.295941,6.664333
50,52.31343,6.690458
50,52.330918,6.716494
50,52.348407,6.742442
50,52.365895,6.768301
50,52.383384,6.794075
50,52.400872,6.819762
50,52.418361,6.845365
50,52.435849,6.870884
50,52.453338,6.89632
50,52.470827,6.921674
50,52.488315,6.946948
50,52.505804,6.972141
50,52.523292,6.997255
50,52.540781,7.02229
50,52.558269,7.047248
50,52.575758,7.072129
50,52.593246,7.096935
50,52.610735,7.121665
50,52.628224,7.146321
50,52.645712,7.170903
50,52.663201,7.195412
50,52.680689,7.219849
50,52.698178,7.244215
50,52.715667,7.26851
50,52.733155,7.292735
50,52.750644,7.316891
50,52.768133,7.340979
50,52.785621,7.364998
50,52.80311,7.38895
50,52.820598,7.412836
50,52.838087,7.436656
50,52.855576,7.46041
50,52.873064,7.4841
50,52.890553,7.507725
50,52.908042,7.531287
50,52.92553,7.554787
50,52.943019,7.578224
50,52.960508,7.601599
50,52.977996,7.624913
50,52.995485,7.648166
50,53.012974,7.67136
50,53.030463,7.694494
50,53.047951,7.717569
50,53.06544,7.740585
50,53.082929,7.763544
50,53.100417,7.786445
50,53.117906,7.809289
50,53.135395,7.832077
50,53.152884,7.854809
50,53.170372,7.877485
50,53.187861,7.900107
50,53.20535,7.922674
50,53.222839,7.945187
50,53.240327,7.967646
50,53.257816,7.990053
50,53.275305,8.012406
50,53.292794,8.034708
50,53.310282,8.056957
50,53.327771,8.079156
50,53.34526,8.101303
50,53.362749,8.1234
50,53.380238,8.145447
50,53.397726,8.167444
50,53.415215,8.189391
50,53.432704,8.21129
50,53.450193,8.23314
50,53.467682,8.254942
50,53.485171,8.276697
50,53.502659,8.298404
50,53.520148,8.320064
50,53.537637,8.341677
50,53.555126,8.363244
50,53.572615,8.384765
50,53.590104,8.40624
50,53.607593,8.427671
50,53.625081,8.449056
50,53.64257,8.470397
50,53.660059,8.491694
50,53.677548,8.512946
50,53.695037,8.534156
50,53.712526,8.555322
50,53.730015,8.576445
50,53.747504,8.597525
50,53.764993,8.618563
50,53.782481,8.63956
50,53.79997,8.660514
50,53.817459,8.681427
50,53.834948,8.7023
50,53.852437,8.723131
50,53.869926,8.743922
50,53.887415,8.764673
50,53.904904,8.785384
50,53.922393,8.806055
50,53.939882,8.826687
50,53.957371,8.847279
50,53.97486,8.867833
50,53.992349,8.888349
50,54.009838,8.908826
50,54.027327,8.929265
50,54.044816,8.949667
50,54.062305,8.970031
50,54.079794,8.990357
50,54.097283,9.010647
50,54.114772,9.0309
50,54.132261,9.051117
50,54.14975,9.071297
50,54.167239,9.091441
50,54.184728,9.11155
50,54.202217,9.131623
50,54.219706,9.151661
50,54.237195,9.171663
50,54.254684,9.191631
50,54.272173,9.211564
50,54.289662,9.231463
50,54.307151,9.251328
50,54.32464,9.271159
50,54.342129,9.290956
50,54.359618,9.310719
50,54.377107,9.33045
50,54.394596,9.350147
50,54.412085,9.369811
50,54.429574,9.389443
50,54.447063,9.409042
50,54.464553,9.428609
50,54.482042,9.448144
50,54.499531,9.467647
50,54.51702,9.487118
50,54.534509,9.506558
50,54.551998,9.525967
50,54.569487,9.545344
50,54.586976,9.564691
50,54.604465,9.584007
50,54.621954,9.603292
50,54.639444,9.622547
50,54.656933,9.641772
50,54.674422,9.660967
50,54.691911,9.680132
50,54.7094,9.699268
50,54.726889,9.718374
50,54.744378,9.73745
50,54.761868,9.756498
50,54.779357,9.775517
50,54.796846,9.794507
50,54.814335,9.813468
50,54.831824,9.832401
50,54.849314,9.851305
50,54.866803,9.870182
50,54.884292,9.889031
50,54.901781,9.907851
50,54.91927,9.926644
50,54.936759,9.94541
50,54.954249,9.964148
50,54.971738,9.98286
50,54.989227,10.001544
50,55.006716,10.020201
50,55.024206,10.038832
50,55.041695,10.057436
50,55.059184,10.076013
50,55.076673,10.094565
50,55.094162,10.11309
50,55.111652,10.131589
50,55.129141,10.150062
50,55.14663,10.16851
50,55.16412,10.186932
50,55.181609,10.205329
50,55.199098,10.2237
50,55.216587,10.242047
50,55.234077,10.260368
50,55.251566,10.278664
50,55.269055,10.296936
50,55.286544,10.315183
50,55.304034,10.333405
50,55.321523,10.351603
50,55.339012,10.369777
50,55.356502,10.387927
50,55.373991,10.406053
50,55.39148,10.424155
50,55.40897,10.442233
50,55.426459,10.460288
50,55.443948,10.478319
50,55.461438,10.496327
50,55.478927,10.514311
50,55.496416,10.532273
50,55.513906,10.550211
50,55.531395,10.568127
50,55.548884,10.586019
50,55.566374,10.603889
50,55.583863,10.621737
50,55.601352,10.639562
50,55.618842,10.657365
50,55.636331,10.675145
50,55.65382,10.692904
50,55.67131,10.71064
50,55.688799,10.728355
50,55.706289,10.746048
50,55.723778,10.763719
50,55.741267,10.781369
50,55.758757,10.798997
50,55.776246,10.816604
50,55.793735,10.834189
50,55.811225,10.851754
50,55.828714,10.869297
50,55.846204,10.88682
50,55.863693,10.904322
50,55.881183,10.921802
50,55.898672,10.939263
50,55.916161,10.956703
50,55.933651,10.974122
50,55.95114,10.991521
50,55.96863,11.0089
50,55.986119,11.026258
50,56.003609,11.043597
50,56.021098,11.060915
50,56.038588,11.078214
50,56.056077,11.095493
50,56.073566,11.112752
50,56.091056,11.129992
50,56.108545,11.147212
50,56.126035,11.164413
50,56.143524,11.181594
50,56.161014,11.198756
50,56.178503,11.2159
50,56.195993,11.233024
50,56.213482,11.250129
50,56.230972,11.267215
50,56.248461,11.284282
50,56.265951,11.301331
50,56.28344,11.318361
50,56.30093,11.335372
50,56.318419,11.352365
50,56.335909,11.36934
50,56.353398,11.386296
50,56.370888,11.403235
50,56.388377,11.420155
50,56.405867,11.437057
50,56.423357,11.45394
50,56.440846,11.470807
50,56.458336,11.487655
50,56.475825,11.504485
50,56.493315,11.521298
50,56.510804,11.538094
50,56.528294,11.554871
50,56.545783,11.571632
50,56.563273,11.588375
50,56.580763,11.605101
50,56.598252,11.621809
50,56.615742,11.6385
50,56.633231,11.655175
50,56.650721,11.671832
50,56.668211,11.688473
50,56.6857,11.705096
50,56.70319,11.721703
50,56.720679,11.738293
50,56.738169,11.754867
50,56.755659,11.771424
50,56.773148,11.787964
50,56.790638,11.804488
50,56.808127,11.820996
50,56.825617,11.837488
50,56.843107,11.853963
50,56.860596,11.870422
50,56.878086,11.886865
50,56.895576,11.903292
50,56.913065,11.919703
50,56.930555,11.936098
50,56.948045,11.952477
50,56.965534,11.968841
50,56.983024,11.985189
50,57.000514,12.001521
50,57.018003,12.017838
50,57.035493,12.034139
50,57.052983,12.050425
50,57.070472,12.066696
50,57.087962,12.082951
50,57.105452,12.099191
50,57.122941,12.115415
50,57.140431,12.131625
50,57.157921,12.14782
50,57.17541,12.163999
50,57.1929,12.180164
50,57.21039,12.196313
50,57.227879,12.212448
50,57.245369,12.228568
50,57.262859,12.244674
50,57.280349,12.260765
50,57.297838,12.276841
50,57.315328,12.292902
50,57.332818,12.30895
50,57.350307,12.324982
50,57.367797,12.341001
50,57.385287,12.357005
50,57.402777,12.372995
50,57.420266,12.38897
50,57.437756,12.404932
50,57.455246,12.420879
50,57.472736,12.436812
50,57.490225,12.452732
50,57.507715,12.468637
50,57.525205,12.484529
50,57.542695,12.500406
50,57.560185,12.51627
50,57.577674,12.532121
50,57.595164,12.547957
50,57.612654,12.56378
50,57.630144,12.57959
50,57.647633,12.595385
50,57.665123,12.611168
50,57.682613,12.626937
50,57.700103,12.642693
50,57.717593,12.658435
50,57.735083,12.674164
50,57.752572,12.68988
50,57.770062,12.705582
50,57.787552,12.721272
50,57.805042,12.736949
50,57.822532,12.752612
50,57.840021,12.768263
50,57.857511,12.7839
50,57.875001,12.799525
50,57.892491,12.815137
50,57.909981,12.830736
50,57.927471,12.846322
50,57.94496,12.861896
50,57.96245,12.877457
50,57.97994,12.893006
50,57.99743,12.908541
50,58.01492,12.924065
50,58.03241,12.939576
50,58.0499,12.955074
50,58.06739,12.97056
50,58.084879,12.986034
50,58.102369,13.001496
50,58.119859,13.016945
50,58.137349,13.032382
50,58.154839,13.047807
50,58.172329,13.06322
50,58.189819,13.078621
50,58.207309,13.094009
50,58.224799,13.109386
50,58.242288,13.124751
50,58.259778,13.140104
50,58.277268,13.155445
50,58.294758,13.170774
50,58.312248,13.186091
50,58.329738,13.201397
50,58.347228,13.216691
50,58.364718,13.231973
50,58.382208,13.247244
50,58.399698,13.262503
50,58.417188,13.277751
50,58.434678,13.292987
50,58.452168,13.308212
50,58.469658,13.323425
50,58.487147,13.338627
50,58.504637,13.353817
50,58.522127,13.368997
50,58.539617,13.384165
50,58.557107,13.399321
50,58.574597,13.414467
50,58.592087,13.429601
50,58.609577,13.444725
50,58.627067,13.459837
50,58.644557,13.474938
50,58.662047,13.490028
50,58.679537,13.505108
50,58.697027,13.520176
50,58.714517,13.535233
50,58.732007,13.55028
50,58.749497,13.565316
50,58.766987,13.580341
50,58.784477,13.595355
50,58.801967,13.610359
50,58.819457,13.625351
50,58.836947,13.640334
50,58.854437,13.655305
50,58.871927,13.670266
50,58.889417,13.685217
50,58.906907,13.700157
50,58.924397,13.715086
50,58.941887,13.730006
50,58.959377,13.744914
50,58.976867,13.759813
50,58.994357,13.774701
50,59.011847,13.789578
50,59.029338,13.804446
50,59.046828,13.819303
50,59.064318,13.83415
50,59.081808,13.848987
50,59.099298,13.863814
50,59.116788,13.87863
50,59.134278,13.893437
50,59.151768,13.908233
50,59.169258,13.92302
50,59.186748,13.937796
50,59.204238,13.952563
50,59.221728,13.96732
50,59.239218,13.982067
50,59.256708,13.996804
50,59.274199,14.011531
50,59.291689,14.026248
50,59.309179,14.040956
50,59.326669,14.055654
50,59.344159,14.070342
50,59.361649,14.08502
50,59.379139,14.099689
50,59.396629,14.114348
50,59.414119,14.128998
50,59.43161,14.143638
50,59.4491,14.158269
50,59.46659,14.17289
50,59.48408,14.187502
50,59.50157,14.202104
50,59.51906,14.216697
50,59.53655,14.231281
50,59.55404,14.245855
50,59.571531,14.26042
50,59.589021,14.274975
50,59.606511,14.289522
50,59.624001,14.304059
50,59.641491,14.318587
50,59.658981,14.333105
50,59.676471,14.347615
50,59.693962,14.362116
50,59.711452,14.376607
50,59.728942,14.391089
50,59.746432,14.405563
50,59.763922,14.420027
50,59.781413,14.434482
50,59.798903,14.448929
50,59.816393,14.463366
50,59.833883,14.477795
50,59.851373,14.492214
50,59.868863,14.506625
50,59.886354,14.521027
50,59.903844,14.53542
50,59.921334,14.549805
50,59.938824,14.56418
50,59.956314,14.578547
50,59.973805,14.592906
50,59.991295,14.607255
50,60.008785,14.621596
50,60.026275,14.635929
50,60.043766,14.650252
50,60.061256,14.664568
50,60.078746,14.678874
50,60.096236,14.693173
50,60.113726,14.707462
50,60.131217,14.721743
50,60.148707,14.736016
50,60.166197,14.750281
50,60.183687,14.764537
50,60.201178,14.778784
50,60.218668,14.793023
50,60.236158,14.807254
50,60.253648,14.821477
50,60.271139,14.835691
50,60.288629,14.849897
50,60.306119,14.864095
50,60.32361,14.878285
50,60.3411,14.892467
50,60.35859,14.90664
50,60.37608,14.920805
50,60.393571,14.934962
50,60.411061,14.949111
50,60.428551,14.963252
50,60.446041,14.977385
50,60.463532,14.99151
50,60.481022,15.005627
50,60.498512,15.019736
50,60.516003,15.033837
50,60.533493,15.04793
50,60.550983,15.062016
50,60.568474,15.076093
50,60.585964,15.090162
50,60.603454,15.104224
50,60.620945,15.118278
50,60.638435,15.132324
50,60.655925,15.146362
50,60.673415,15.160392
50,60.690906,15.174415
50,60.708396,15.18843
50,60.725886,15.202438
50,60.743377,15.216437
50,60.760867,15.230429
50,60.778358,15.244414
50,60.795848,15.25839
50,60.813338,15.27236
50,60.830829,15.286321
50,60.848319,15.300275
50,60.865809,15.314222
50,60.8833,15.328161
50,60.90079,15.342093
50,60.91828,15.356017
50,60.935771,15.369934
50,60.953261,15.383843
50,60.970751,15.397745
50,60.988242,15.411639
50,61.005732,15.425527
50,61.023223,15.439406
50,61.040713,15.453279
50,61.058203,15.467144
50,61.075694,15.481002
50,61.093184,15.494853
50,61.110675,15.508696
50,61.128165,15.522532
50,61.145655,15.536361
50,61.163146,15.550183
50,61.180636,15.563998
50,61.198127,15.577805
50,61.215617,15.591606
50,61.233107,15.605399
50,61.250598,15.619185
50,61.268088,15.632964
50,61.285579,15.646736
50,61.303069,15.660501
50,61.320559,15.674259
50,61.33805,15.68801
50,61.35554,15.701754
50,61.373031,15.715491
50,61.390521,15.729221
50,61.408012,15.742945
50,61.425502,15.756661
50,61.442992,15.77037
50,61.460483,15.784073
50,61.477973,15.797768
50,61.495464,15.811457
50,61.512954,15.825139
50,61.530445,15.838815
50,61.547935,15.852483
50,61.565426,15.866145
50,61.582916,15.8798
50,61.600407,15.893448
50,61.617897,15.907089
50,61.635388,15.920724
50,61.652878,15.934352
50,61.670369,15.947974
50,61.687859,15.961588
50,61.705349,15.975197
50,61.72284,15.988798
50,61.74033,16.002393
50,61.757821,16.015982
50,61.775311,16.029563
50,61.792802,16.043139
50,61.810292,16.056707
50,61.827783,16.07027
50,61.845273,16.083826
50,61.862764,16.097375
50,61.880254,16.110918
50,61.897745,16.124454
50,61.915235,16.137984
50,61.932726,16.151508
50,61.950217,16.165025
50,61.967707,16.178535
50,61.985198,16.19204
50,62.002688,16.205538
50,62.020179,16.21903
50,62.037669,16.232515
50,62.05516,16.245994
50,62.07265,16.259467
50,62.090141,16.272933
50,62.107631,16.286394
50,62.125122,16.299848
50,62.142612,16.313296
50,62.160103,16.326737
50,62.177593,16.340173
50,62.195084,16.353602
50,62.212575,16.367025
50,62.230065,16.380442
50,62.247556,16.393853
50,62.265046,16.407257
50,62.282537,16.420656
50,62.300027,16.434048
50,62.317518,16.447435
50,62.335009,16.460815
50,62.352499,16.474189
50,62.36999,16.487558
50,62.38748,16.50092
50,62.404971,16.514276
50,62.422461,16.527626
50,62.439952,16.540971
50,62.457443,16.554309
50,62.474933,16.567641
50,62.492424,16.580968
50,62.509914,16.594288
50,62.527405,16.607603
50,62.544896,16.620912
50,62.562386,16.634215
50,62.579877,16.647512
50,62.597367,16.660803
50,62.614858,16.674088
50,62.632349,16.687368
50,62.649839,16.700642
50,62.66733,16.71391
50,62.684821,16.727172
50,62.702311,16.740428
50,62.719802,16.753679
50,62.737292,16.766924
50,62.754783,16.780163
50,62.772274,16.793397
50,62.789764,16.806624
50,62.807255,16.819846
50,62.824746,16.833063
50,62.842236,16.846274
50,62.859727,16.859479
50,62.877218,16.872678
50,62.894708,16.885872
50,62.912199,16.899061
50,62.92969,16.912243
50,62.94718,16.925421
50,62.964671,16.938592
50,62.982162,16.951758
50,62.999652,16.964919
50,63.017143,16.978074
50,63.034634,16.991223
50,63.052124,17.004367
50,63.069615,17.017506
50,63.087106,17.030639
50,63.104596,17.043766
50,63.122087,17.056888
50,63.139578,17.070005
50,63.157068,17.083116
50,63.174559,17.096222
50,63.19205,17.109323
50,63.20954,17.122418
50,63.227031,17.135507
50,63.244522,17.148592
50,63.262013,17.161671
50,63.279503,17.174744
50,63.296994,17.187813
50,63.314485,17.200876
50,63.331975,17.213933
50,63.349466,17.226986
50,63.366957,17.240033
50,63.384448,17.253075
50,63.401938,17.266111
50,63.419429,17.279143
50,63.43692,17.292169
50,63.45441,17.30519
50,63.471901,17.318206
50,63.489392,17.331216
50,63.506883,17.344222
50,63.524373,17.357222
50,63.541864,17.370217
50,63.559355,17.383207
50,63.576846,17.396191
50,63.594336,17.409171
50,63.611827,17.422146
50,63.629318,17.435115
50,63.646809,17.448079
50,63.664299,17.461038
50,63.68179,17.473993
50,63.699281,17.486942
50,63.716772,17.499886
50,63.734262,17.512825
50,63.751753,17.525759
50,63.769244,17.538688
50,63.786735,17.551612
50,63.804225,17.564531
50,63.821716,17.577445
50,63.839207,17.590354
50,63.856698,17.603258
50,63.874189,17.616157
50,63.891679,17.629051
50,63.90917,17.641941
50,63.926661,17.654825
50,63.944152,17.667704
50,63.961643,17.680579
50,63.979133,17.693449
50,63.996624,17.706314
50,64.014115,17.719173
50,64.031606,17.732029
50,64.049097,17.744879
50,64.066587,17.757724
50,64.084078,17.770565
50,64.101569,17.783401
50,64.11906,17.796232
50,64.136551,17.809058
50,64.154041,17.821879
50,64.171532,17.834696
50,64.189023,17.847508
50,64.206514,17.860315
50,64.224005,17.873118
50,64.241496,17.885915
50,64.258986,17.898708
50,64.276477,17.911497
50,64.293968,17.92428
50,64.311459,17.937059
50,64.32895,17.949833
50,64.346441,17.962603
50,64.363931,17.975368
50,64.381422,17.988128
50,64.398913,18.000884
50,64.416404,18.013635
50,64.433895,18.026381
50,64.451386,18.039123
50,64.468877,18.05186
50,64.486367,18.064592
50,64.503858,18.07732
50,64.521349,18.090044
50,64.53884,18.102763
50,64.556331,18.115477
50,64.573822,18.128187
50,64.591313,18.140892
50,64.608804,18.153593
50,64.626294,18.166289
50,64.643785,18.178981
50,64.661276,18.191668
50,64.678767,18.204351
50,64.696258,18.217029
50,64.713749,18.229703
50,64.73124,18.242372
50,64.748731,18.255037
50,64.766222,18.267697
50,64.783712,18.280353
50,64.801203,18.293005
50,64.818694,18.305652
50,64.836185,18.318295
50,64.853676,18.330933
50,64.871167,18.343567
50,64.888658,18.356197
50,64.906149,18.368822
50,64.92364,18.381443
50,64.941131,18.39406
50,64.958622,18.406672
50,64.976112,18.41928
50,64.993603,18.431883
50,65.011094,18.444482
50,65.028585,18.457077
50,65.046076,18.469668
50,65.063567,18.482254
50,65.081058,18.494837
50,65.098549,18.507414
50,65.11604,18.519988
50,65.133531,18.532557
50,65.151022,18.545122
50,65.168513,18.557683
50,65.186004,18.57024
50,65.203495,18.582792
50,65.220986,18.59534
50,65.238477,18.607884
50,65.255968,18.620424
50,65.273458,18.63296
50,65.290949,18.645491
50,65.30844,18.658018
50,65.325931,18.670542
50,65.343422,18.68306
50,65.360913,18.695575
50,65.378404,18.708086
50,65.395895,18.720593
50,65.413386,18.733095
50,65.430877,18.745593
50,65.448368,18.758088
50,65.465859,18.770578
50,65.48335,18.783064
50,65.500841,18.795546
50,65.518332,18.808024
50,65.535823,18.820497
50,65.553314,18.832967
50,65.570805,18.845433
50,65.588296,18.857895
50,65.605787,18.870352
50,65.623278,18.882806
50,65.640769,18.895256
50,65.65826,18.907701
50,65.675751,18.920143
50,65.693242,18.932581
50,65.710733,18.945014
50,65.728224,18.957444
50,65.745715,18.96987
50,65.763206,18.982292
50,65.780697,18.99471
50,65.798188,19.007123
50,65.815679,19.019533
50,65.83317,19.031939
50,65.850661,19.044342
50,65.868152,19.05674
50,65.885643,19.069134
50,65.903134,19.081524
50,65.920625,19.093911
50,65.938116,19.106294
50,65.955607,19.118672
50,65.973098,19.131047
50,65.99059,19.143418
50,66.008081,19.155786
50,66.025572,19.168149
50,66.043063,19.180508
50,66.060554,19.192864
50,66.078045,19.205216
50,66.095536,19.217564
50,66.113027,19.229908
50,66.130518,19.242249
50,66.148009,19.254585
50,66.1655,19.266918
50,66.182991,19.279247
50,66.200482,19.291572
50,66.217973,19.303894
50,66.235464,19.316212
50,66.252955,19.328526
50,66.270446,19.340836
50,66.287938,19.353143
50,66.305429,19.365445
50,66.32292,19.377745
50,66.340411,19.39004
50,66.357902,19.402332
50,66.375393,19.41462
50,66.392884,19.426904
50,66.410375,19.439184
50,66.427866,19.451461
50,66.445357,19.463735
50,66.462848,19.476004
50,66.48034,19.48827
50,66.497831,19.500532
50,66.515322,19.512791
50,66.532813,19.525046
50,66.550304,19.537297
50,66.567795,19.549545
50,66.585286,19.561789
50,66.602777,19.57403
50,66.620268,19.586267
50,66.63776,19.5985
50,66.655251,19.61073
50,66.672742,19.622956
50,66.690233,19.635178
50,66.707724,19.647397
50,66.725215,19.659613
50,66.742706,19.671825
50,66.760197,19.684033
50,66.777688,19.696238
50,66.79518,19.708439
50,66.812671,19.720636
50,66.830162,19.732831
50,66.847653,19.745021
50,66.865144,19.757208
50,66.882635,19.769392
50,66.900126,19.781572
50,66.917618,19.793749
50,66.935109,19.805922
50,66.9526,19.818092
50,66.970091,19.830258
50,66.987582,19.842421
50,67.005073,19.85458
50,67.022565,19.866736
50,67.040056,19.878888
50,67.057547,19.891037
50,67.075038,19.903182
50,67.092529,19.915324
50,67.11002,19.927463
50,67.127512,19.939598
50,67.145003,19.95173
50,67.162494,19.963858
50,67.179985,19.975983
50,67.197476,19.988105
50,67.214967,20.000223
50,67.232459,20.012338
50,67.24995,20.02445
50,67.267441,20.036558
50,67.284932,20.048662
50,67.302423,20.060764
50,67.319914,20.072862
50,67.337406,20.084956
50,67.354897,20.097048
50,67.372388,20.109136
50,67.389879,20.12122
50,67.40737,20.133302
50,67.424862,20.14538
50,67.442353,20.157455
50,67.459844,20.169526
50,67.477335,20.181594
50,67.494826,20.193659
